block_index,payload_len,msg_type,total_block,msg_seq_no,hex_preview
1,219,data_upload,64,1,08 01 12 d6 01 0a 1c 08 01 12 0c 43 34 42 44 36 41 30 31 30 32 30 33 30 01 38 01 40 03 48 05 50 ... (219 bytes)
2,183,data_upload,64,1,08 01 12 b2 01 0a 1c 08 01 12 0c 43 34 42 44 36 41 30 31 30 32 30 33 30 01 38 01 40 03 48 05 50 ... (183 bytes)
3,183,data_upload,64,1,08 01 12 b2 01 0a 1c 08 01 12 0c 43 34 42 44 36 41 30 31 30 32 30 33 30 01 38 01 40 03 48 05 50 ... (183 bytes)
4,183,data_upload,64,1,08 01 12 b2 01 0a 1c 08 01 12 0c 43 34 42 44 36 41 30 31 30 32 30 33 30 01 38 01 40 03 48 05 50 ... (183 bytes)
5,183,data_upload,64,1,08 01 12 b2 01 0a 1c 08 01 12 0c 43 34 42 44 36 41 30 31 30 32 30 33 30 01 38 01 40 03 48 05 50 ... (183 bytes)
6,183,data_upload,64,1,08 01 12 b2 01 0a 1c 08 01 12 0c 43 34 42 44 36 41 30 31 30 32 30 33 30 01 38 01 40 03 48 05 50 ... (183 bytes)
7,183,data_upload,64,1,08 01 12 b2 01 0a 1c 08 01 12 0c 43 34 42 44 36 41 30 31 30 32 30 33 30 01 38 01 40 03 48 05 50 ... (183 bytes)
8,183,data_upload,64,1,08 01 12 b2 01 0a 1c 08 01 12 0c 43 34 42 44 36 41 30 31 30 32 30 33 30 01 38 01 40 03 48 05 50 ... (183 bytes)
9,183,data_upload,64,1,08 01 12 b2 01 0a 1c 08 01 12 0c 43 34 42 44 36 41 30 31 30 32 30 33 30 01 38 01 40 03 48 05 50 ... (183 bytes)
10,183,data_upload,64,1,08 01 12 b2 01 0a 1c 08 01 12 0c 43 34 42 44 36 41 30 31 30 32 30 33 30 01 38 01 40 03 48 05 50 ... (183 bytes)
11,183,data_upload,64,1,08 01 12 b2 01 0a 1c 08 01 12 0c 43 34 42 44 36 41 30 31 30 32 30 33 30 01 38 01 40 03 48 05 50 ... (183 bytes)
12,183,data_upload,64,1,08 01 12 b2 01 0a 1c 08 01 12 0c 43 34 42 44 36 41 30 31 30 32 30 33 30 01 38 01 40 03 48 05 50 ... (183 bytes)
13,183,data_upload,64,1,08 01 12 b2 01 0a 1c 08 01 12 0c 43 34 42 44 36 41 30 31 30 32 30 33 30 01 38 01 40 03 48 05 50 ... (183 bytes)
14,183,data_upload,64,1,08 01 12 b2 01 0a 1c 08 01 12 0c 43 34 42 44 36 41 30 31 30 32 30 33 30 01 38 01 40 03 48 05 50 ... (183 bytes)
15,183,data_upload,64,1,08 01 12 b2 01 0a 1c 08 01 12 0c 43 34 42 44 36 41 30 31 30 32 30 33 30 01 38 01 40 03 48 05 50 ... (183 bytes)
16,183,data_upload,64,1,08 01 12 b2 01 0a 1c 08 01 12 0c 43 34 42 44 36 41 30 31 30 32 30 33 30 01 38 01 40 03 48 05 50 ... (183 bytes)
17,183,data_upload,64,1,08 01 12 b2 01 0a 1c 08 01 12 0c 43 34 42 44 36 41 30 31 30 32 30 33 30 01 38 01 40 03 48 05 50 ... (183 bytes)
18,183,data_upload,64,1,08 01 12 b2 01 0a 1c 08 01 12 0c 43 34 42 44 36 41 30 31 30 32 30 33 30 01 38 01 40 03 48 05 50 ... (183 bytes)
19,183,data_upload,64,1,08 01 12 b2 01 0a 1c 08 01 12 0c 43 34 42 44 36 41 30 31 30 32 30 33 30 01 38 01 40 03 48 05 50 ... (183 bytes)
20,183,data_upload,64,1,08 01 12 b2 01 0a 1c 08 01 12 0c 43 34 42 44 36 41 30 31 30 32 30 33 30 01 38 01 40 03 48 05 50 ... (183 bytes)
21,183,data_upload,64,1,08 01 12 b2 01 0a 1c 08 01 12 0c 43 34 42 44 36 41 30 31 30 32 30 33 30 01 38 01 40 03 48 05 50 ... (183 bytes)
22,183,data_upload,64,1,08 01 12 b2 01 0a 1c 08 01 12 0c 43 34 42 44 36 41 30 31 30 32 30 33 30 01 38 01 40 03 48 05 50 ... (183 bytes)
23,183,data_upload,64,1,08 01 12 b2 01 0a 1c 08 01 12 0c 43 34 42 44 36 41 30 31 30 32 30 33 30 01 38 01 40 03 48 05 50 ... (183 bytes)
24,183,data_upload,64,1,08 01 12 b2 01 0a 1c 08 01 12 0c 43 34 42 44 36 41 30 31 30 32 30 33 30 01 38 01 40 03 48 05 50 ... (183 bytes)
25,183,data_upload,64,1,08 01 12 b2 01 0a 1c 08 01 12 0c 43 34 42 44 36 41 30 31 30 32 30 33 30 01 38 01 40 03 48 05 50 ... (183 bytes)
26,183,data_upload,64,1,08 01 12 b2 01 0a 1c 08 01 12 0c 43 34 42 44 36 41 30 31 30 32 30 33 30 01 38 01 40 03 48 05 50 ... (183 bytes)
27,183,data_upload,64,1,08 01 12 b2 01 0a 1c 08 01 12 0c 43 34 42 44 36 41 30 31 30 32 30 33 30 01 38 01 40 03 48 05 50 ... (183 bytes)
28,183,data_upload,64,1,08 01 12 b2 01 0a 1c 08 01 12 0c 43 34 42 44 36 41 30 31 30 32 30 33 30 01 38 01 40 03 48 05 50 ... (183 bytes)
29,183,data_upload,64,1,08 01 12 b2 01 0a 1c 08 01 12 0c 43 34 42 44 36 41 30 31 30 32 30 33 30 01 38 01 40 03 48 05 50 ... (183 bytes)
30,183,data_upload,64,1,08 01 12 b2 01 0a 1c 08 01 12 0c 43 34 42 44 36 41 30 31 30 32 30 33 30 01 38 01 40 03 48 05 50 ... (183 bytes)
31,183,data_upload,64,1,08 01 12 b2 01 0a 1c 08 01 12 0c 43 34 42 44 36 41 30 31 30 32 30 33 30 01 38 01 40 03 48 05 50 ... (183 bytes)
32,183,data_upload,64,1,08 01 12 b2 01 0a 1c 08 01 12 0c 43 34 42 44 36 41 30 31 30 32 30 33 30 01 38 01 40 03 48 05 50 ... (183 bytes)
33,183,data_upload,64,1,08 01 12 b2 01 0a 1c 08 01 12 0c 43 34 42 44 36 41 30 31 30 32 30 33 30 01 38 01 40 03 48 05 50 ... (183 bytes)
34,183,data_upload,64,1,08 01 12 b2 01 0a 1c 08 01 12 0c 43 34 42 44 36 41 30 31 30 32 30 33 30 01 38 01 40 03 48 05 50 ... (183 bytes)
35,183,data_upload,64,1,08 01 12 b2 01 0a 1c 08 01 12 0c 43 34 42 44 36 41 30 31 30 32 30 33 30 01 38 01 40 03 48 05 50 ... (183 bytes)
36,183,data_upload,64,1,08 01 12 b2 01 0a 1c 08 01 12 0c 43 34 42 44 36 41 30 31 30 32 30 33 30 01 38 01 40 03 48 05 50 ... (183 bytes)
37,183,data_upload,64,1,08 01 12 b2 01 0a 1c 08 01 12 0c 43 34 42 44 36 41 30 31 30 32 30 33 30 01 38 01 40 03 48 05 50 ... (183 bytes)
38,183,data_upload,64,1,08 01 12 b2 01 0a 1c 08 01 12 0c 43 34 42 44 36 41 30 31 30 32 30 33 30 01 38 01 40 03 48 05 50 ... (183 bytes)
39,183,data_upload,64,1,08 01 12 b2 01 0a 1c 08 01 12 0c 43 34 42 44 36 41 30 31 30 32 30 33 30 01 38 01 40 03 48 05 50 ... (183 bytes)
40,183,data_upload,64,1,08 01 12 b2 01 0a 1c 08 01 12 0c 43 34 42 44 36 41 30 31 30 32 30 33 30 01 38 01 40 03 48 05 50 ... (183 bytes)
41,183,data_upload,64,1,08 01 12 b2 01 0a 1c 08 01 12 0c 43 34 42 44 36 41 30 31 30 32 30 33 30 01 38 01 40 03 48 05 50 ... (183 bytes)
42,183,data_upload,64,1,08 01 12 b2 01 0a 1c 08 01 12 0c 43 34 42 44 36 41 30 31 30 32 30 33 30 01 38 01 40 03 48 05 50 ... (183 bytes)
43,183,data_upload,64,1,08 01 12 b2 01 0a 1c 08 01 12 0c 43 34 42 44 36 41 30 31 30 32 30 33 30 01 38 01 40 03 48 05 50 ... (183 bytes)
44,183,data_upload,64,1,08 01 12 b2 01 0a 1c 08 01 12 0c 43 34 42 44 36 41 30 31 30 32 30 33 30 01 38 01 40 03 48 05 50 ... (183 bytes)
45,183,data_upload,64,1,08 01 12 b2 01 0a 1c 08 01 12 0c 43 34 42 44 36 41 30 31 30 32 30 33 30 01 38 01 40 03 48 05 50 ... (183 bytes)
46,183,data_upload,64,1,08 01 12 b2 01 0a 1c 08 01 12 0c 43 34 42 44 36 41 30 31 30 32 30 33 30 01 38 01 40 03 48 05 50 ... (183 bytes)
47,183,data_upload,64,1,08 01 12 b2 01 0a 1c 08 01 12 0c 43 34 42 44 36 41 30 31 30 32 30 33 30 01 38 01 40 03 48 05 50 ... (183 bytes)
48,183,data_upload,64,1,08 01 12 b2 01 0a 1c 08 01 12 0c 43 34 42 44 36 41 30 31 30 32 30 33 30 01 38 01 40 03 48 05 50 ... (183 bytes)
49,183,data_upload,64,1,08 01 12 b2 01 0a 1c 08 01 12 0c 43 34 42 44 36 41 30 31 30 32 30 33 30 01 38 01 40 03 48 05 50 ... (183 bytes)
50,183,data_upload,64,1,08 01 12 b2 01 0a 1c 08 01 12 0c 43 34 42 44 36 41 30 31 30 32 30 33 30 01 38 01 40 03 48 05 50 ... (183 bytes)
51,183,data_upload,64,1,08 01 12 b2 01 0a 1c 08 01 12 0c 43 34 42 44 36 41 30 31 30 32 30 33 30 01 38 01 40 03 48 05 50 ... (183 bytes)
52,183,data_upload,64,1,08 01 12 b2 01 0a 1c 08 01 12 0c 43 34 42 44 36 41 30 31 30 32 30 33 30 01 38 01 40 03 48 05 50 ... (183 bytes)
53,183,data_upload,64,1,08 01 12 b2 01 0a 1c 08 01 12 0c 43 34 42 44 36 41 30 31 30 32 30 33 30 01 38 01 40 03 48 05 50 ... (183 bytes)
54,183,data_upload,64,1,08 01 12 b2 01 0a 1c 08 01 12 0c 43 34 42 44 36 41 30 31 30 32 30 33 30 01 38 01 40 03 48 05 50 ... (183 bytes)
55,183,data_upload,64,1,08 01 12 b2 01 0a 1c 08 01 12 0c 43 34 42 44 36 41 30 31 30 32 30 33 30 01 38 01 40 03 48 05 50 ... (183 bytes)
56,183,data_upload,64,1,08 01 12 b2 01 0a 1c 08 01 12 0c 43 34 42 44 36 41 30 31 30 32 30 33 30 01 38 01 40 03 48 05 50 ... (183 bytes)
57,183,data_upload,64,1,08 01 12 b2 01 0a 1c 08 01 12 0c 43 34 42 44 36 41 30 31 30 32 30 33 30 01 38 01 40 03 48 05 50 ... (183 bytes)
58,183,data_upload,64,1,08 01 12 b2 01 0a 1c 08 01 12 0c 43 34 42 44 36 41 30 31 30 32 30 33 30 01 38 01 40 03 48 05 50 ... (183 bytes)
59,183,data_upload,64,1,08 01 12 b2 01 0a 1c 08 01 12 0c 43 34 42 44 36 41 30 31 30 32 30 33 30 01 38 01 40 03 48 05 50 ... (183 bytes)
60,183,data_upload,64,1,08 01 12 b2 01 0a 1c 08 01 12 0c 43 34 42 44 36 41 30 31 30 32 30 33 30 01 38 01 40 03 48 05 50 ... (183 bytes)
61,183,data_upload,64,1,08 01 12 b2 01 0a 1c 08 01 12 0c 43 34 42 44 36 41 30 31 30 32 30 33 30 01 38 01 40 03 48 05 50 ... (183 bytes)
62,183,data_upload,64,1,08 01 12 b2 01 0a 1c 08 01 12 0c 43 34 42 44 36 41 30 31 30 32 30 33 30 01 38 01 40 03 48 05 50 ... (183 bytes)
63,183,data_upload,64,1,08 01 12 b2 01 0a 1c 08 01 12 0c 43 34 42 44 36 41 30 31 30 32 30 33 30 01 38 01 40 03 48 05 50 ... (183 bytes)
64,183,data_upload,64,1,08 01 12 b2 01 0a 1c 08 01 12 0c 43 34 42 44 36 41 30 31 30 32 30 33 30 01 38 01 40 03 48 05 50 ... (183 bytes)
